<?xml version="1.0" encoding="UTF-8"?>
<mule xmlns:ee="http://www.mulesoft.org/schema/mule/ee/core" xmlns:doc="http://www.mulesoft.org/schema/mule/documentation" xmlns="http://www.mulesoft.org/schema/mule/core" xmlns:apikit="http://www.mulesoft.org/schema/mule/mule-apikit" xmlns:http="http://www.mulesoft.org/schema/mule/http" xmlns:xsi="http://www.w3.org/2001/XMLSchema-instance" xsi:schemaLocation="http://www.mulesoft.org/schema/mule/core http://www.mulesoft.org/schema/mule/core/current/mule.xsd http://www.mulesoft.org/schema/mule/http http://www.mulesoft.org/schema/mule/http/current/mule-http.xsd http://www.mulesoft.org/schema/mule/mule-apikit http://www.mulesoft.org/schema/mule/mule-apikit/current/mule-apikit.xsd 
http://www.mulesoft.org/schema/mule/ee/core http://www.mulesoft.org/schema/mule/ee/core/current/mule-ee.xsd">

	<http:request-config name="HTTP_Request_configuration" doc:name="HTTP Request configuration" doc:id="b3cc1125-df65-419d-984f-0ff95c82bc8b" basePath="/ah/movement" >
		<http:request-connection host="localhost" port="8082" />
	</http:request-config>
	<flow name="post:\delivery:application\json:exp-route-api-config">
		<ee:transform doc:name="Transform Message" doc:id="84f625dc-8c0e-404d-b3ec-c928df79d232" >
			<ee:message >
				<ee:set-payload resource="dwScripts/inputPayload.dwl" />
			</ee:message>
		</ee:transform>
		<logger level="INFO" doc:name="Logging before HTTP" doc:id="848dec6c-6f38-43be-83c2-7c85c2245e62" message="#[payload]"/>
		

		<http:request method="POST" doc:name="HTTP_Proc_API" doc:id="7101f6f5-d3ae-497f-852c-798d2edd47f1" config-ref="HTTP_Request_configuration" path="/delivery"/>
		<logger level="INFO" doc:name="Logging After HTTP" doc:id="e2e9d581-f235-42d8-b5ce-c7154c757108" message="#[payload]"/>
		<ee:transform xmlns:ee="http://www.mulesoft.org/schema/mule/ee/core" xsi:schemaLocation="
http://www.mulesoft.org/schema/mule/mule-apikit http://www.mulesoft.org/schema/mule/mule-apikit/current/mule-apikit.xsd 
http://www.mulesoft.org/schema/mule/http http://www.mulesoft.org/schema/mule/http/current/mule-http.xsd http://www.mulesoft.org/schema/mule/ee/core http://www.mulesoft.org/schema/mule/ee/core/current/mule-ee.xsd" doc:id="205b73fc-1c4a-44f4-a3a0-3ca28f931f39" doc:name="DW SET final response">
            <ee:message>
				<ee:set-payload resource="dwScripts/finalResponse.dwl" />
            </ee:message>
        </ee:transform>
    </flow>
	
</mule>
